{
    "parent": "item/handheld_rod",
    "textures": {
        "layer0": "items/carrot_on_a_stick"
    },
	"overrides": [
	            { "predicate": { "custom_model_data":0 }, "model": "item/power_0"},
                { "predicate": { "custom_model_data":1 }, "model": "item/power_1"},
                { "predicate": { "custom_model_data":2 }, "model": "item/power_2"},
                { "predicate": { "custom_model_data":3 }, "model": "item/power_3"},
				{ "predicate": { "custom_model_data":4 }, "model": "item/power_4"},
                { "predicate": { "custom_model_data":5 }, "model": "item/power_5"},
                { "predicate": { "custom_model_data":6 }, "model": "item/power_6"},
				{ "predicate": { "custom_model_data":7 }, "model": "item/power_7"},
                { "predicate": { "custom_model_data":8 }, "model": "item/power_8"},
                { "predicate": { "custom_model_data":9 }, "model": "item/power_9"},
				{ "predicate": { "custom_model_data":10}, "model": "item/power_10"},
                { "predicate": { "custom_model_data":11}, "model": "item/power_11"},
                { "predicate": { "custom_model_data":12}, "model": "item/power_12"},
				{ "predicate": { "custom_model_data":13}, "model": "item/power_13"},
                { "predicate": { "custom_model_data":14}, "model": "item/power_14"},
                { "predicate": { "custom_model_data":15}, "model": "item/power_15"},
				{ "predicate": { "custom_model_data":16}, "model": "item/up"},
				{ "predicate": { "custom_model_data":17}, "model": "item/down"},
				{ "predicate": { "custom_model_data":18}, "model": "item/left"},
				{ "predicate": { "custom_model_data":19}, "model": "item/right"},
				{ "predicate": { "custom_model_data":20}, "model": "item/empty"},
				{ "predicate": { "custom_model_data":21}, "model": "item/start"}
        ]
}
